Nama,Harga,Toko,Query
Colorful GeForce RTX 2060 NB V2-V,Rp4.379.000,Julyaugustshop,rtx 2060
VGA GAINWARD GeForce RTX2060 Super GHOST 8GB DDR6 | RTX 2060 Super 2ND,Rp3.040.000,RedTeknologi-Redcom,rtx 2060
COLORFUL GEFORCE RTX 2060 SUPER NB 8GB GDDR6 / RTX 2060SUPER NVDIA,Rp2.860.000,RedTeknologi-Redcom,rtx 2060
ASUS DUAL GAMING GeForce RTX 2060 / RTX2060 EVO OC 6GB GDDR6 2ND,Rp2.740.000,RedTeknologi-Redcom,rtx 2060
PALIT GeForce RTX 2060 / RTX2060 SUPER DUAL 8GB GDDR6 256bit - SECOND vga only,Rp2.860.000,RedTeknologi-Redcom,rtx 2060
ASUS DUAL GAMING GeForce RTX 2060 BARU,Rp3.010.000,RedTeknologi-Redcom,rtx 2060
ASUS ROG Strix RTX2060S OC 8GB - RTX 2060 Super OC 8 GB GDDR6 - 2ND,Rp3.410.000,RedTeknologi-Redcom,rtx 2060
PNY GeForce RTX 2060 XLRB OC 6GB GDDR6 - 2ND,Rp2.530.000,RedTeknologi-Redcom,rtx 2060
VGA GAINWARD GeForce RTX2060 Super GHOST 8GB DDR6 | RTX 2060 Super 2ND,Rp3.040.000,RedTeknologi-Redcom,rtx 2060 super
COLORFUL GEFORCE RTX 2060 SUPER NB 8GB GDDR6 / RTX 2060SUPER NVDIA,Rp2.860.000,RedTeknologi-Redcom,rtx 2060 super
PALIT GeForce RTX 2060 / RTX2060 SUPER DUAL 8GB GDDR6 256bit - SECOND vga only,Rp2.860.000,RedTeknologi-Redcom,rtx 2060 super
ASUS ROG Strix RTX2060S OC 8GB - RTX 2060 Super OC 8 GB GDDR6 - 2ND,Rp3.410.000,RedTeknologi-Redcom,rtx 2060 super
VGA PALIT GeForce RTX 2060 Super Dual 8GB DDR6 - PALIT RTX 2060 Super,Rp9.970.000,SuperstoreComputindo,rtx 2060 super
MSI GeForce RTX 2070 GAMING Z 8G | 2ND VGA ONLY,Rp3.370.000,RedTeknologi-Redcom,rtx 2070
VGA Gigabyte GeForce RTX 2070 WINDFORCE 8G,Rp10.000.000,Mitra utama comp,rtx 2070
VGA MSI RTX 2070 GAMING Z8G+ PSU Whisper 750w,Rp11.600.000,Mitra utama comp,rtx 2070
zotac gaming GeForce RTX 2070 mini twin 8GB GDDR6,Rp8.200.000,Mitra utama comp,rtx 2070
GALAX RTX 2080 Ti HOF ( Second ) | VGA Gaming RTX 2080Ti,Rp5.500.000,ToniX Computer,rtx 2080
GALAX RTX 2080 Ti HOF ( Second ) | VGA Gaming RTX 2080Ti,Rp5.500.000,ToniX Computer,rtx 2080 ti
Asus GeForce RTX 2080 Ti 11GB DDR6 - Strix OC,Rp25.200.000,GateTech,rtx 2080 ti
ASUS GEFORCE RTX 2080 Ti Dual Advance 11GB GDDR6 352 BIT,Rp25.500.000,TRI-X COMPUTER,rtx 2080 ti
MSI Geforce RTX 2080 TI Lightning Z 11GB GDDR6 352 BIT,Rp27.499.000,TRI-X COMPUTER,rtx 2080 ti
vga nvidia geforce rtx 2060 Super 2070 2080 super 2080Ti Gaming Ti,Rp10.199.000,Xion Store Depok,rtx 2080 ti
GIGABYTE GeForce RTX 3050 WINDFORCE OC V2 6G,Rp2.999.000,Nano Komputer,rtx 3050 6g
MSI GeForce RTX 3050 VENTUS 2X E 6G OC,Rp3.120.000,Redcomp,rtx 3050 6g
MSI GeForce RTX 3050 VENTUS 2X 6G OC VGA RTX3050 6GB GDDR6,Rp2.999.000,Starcomp Solo,rtx 3050 6g
MSI GeForce RTX 3050 VENTUS 2X 6G OC VGA RTX3050 6GB GDDR6,Rp2.984.000,Starcomp Purwokerto,rtx 3050 6g
MSI GeForce RTX 3050 Ventus 2X 6G OC 6GB GDDR6 VGA RTX3050,Rp2.984.000,Starcomp Semarang,rtx 3050 6g
MSI GeForce RTX 3050 VENTUS 2X 6G OC / RTX 3050 6GB GDDR6,Rp3.090.000,RedTeknologi-Redcom,rtx 3050 6g
Gigabyte GeForce RTX 3050 WINDFORCE OC 6G,Rp2.960.000,ITShop Online,rtx 3050 6g
Vga Card Msi RTX 3050 Ventus 2X 6G OC - Vga Rtx3050,Rp2.975.000,DBKlik Indonesia,rtx 3050 6g
VGA MSI RTX 3050 VENTUS 2X 6G OC GDDR6,Rp2.989.000,Blessing Computer Bali,rtx 3050 6g
VGA MSI GeForce RTX 3050 VENTUS 2X 6G OC | RTX3050 6GB GDDR6,Rp2.949.000,YOUNGS COMPUTER,rtx 3050 6g
Colorful iGame GeForce RTX 3050 Ultra W DUO OC 8G-V 8GB GDDR6,Rp4.860.000,JnJ Online,rtx 3050 8g
MSI GeForce RTX 3050 VENTUS 2X 8G OC,Rp4.150.000,Julyaugustshop,rtx 3050 8g
VGA MSI GeForce RTX 3050 VENTUS 2X XS 8G OC GDDR6 - 8GB DDR6,Rp3.794.000,ANANDAM.ID,rtx 3050 8g
MSI GeForce RTX 3050 VENTUS 2X XS 8G OC - VGA Card 8GB GDDR6,Rp3.975.000,GX COMP,rtx 3050 8g
MSI GeForce RTX 3050 8GB - Ventus 2X XS 8G OC,Rp3.891.000,Rakitan Computer,rtx 3050 8g
MSI GeForce RTX 3050 VENTUS 2X XS 8G OC 8GB GDDR6,Rp3.929.000,Dunia Storage Komputer,rtx 3050 8g
COLORFUL GEFORCE RTX 3050 ULTRA WHITE DUO OC 8G-V 8GB GDDR6,Rp3.899.000,SOS SPORT ONLINE SHOP,rtx 3050 8g
VGA COLORFUL RTX3050 RTX 3050 NB DUO 8G-V 8GB GDDR6 128bit,Rp3.849.000,Super Laris IT,rtx 3050 8g
ZOTAC VGA GAMING GeForce RTX 3060 Twin Edge 12GB GDDR6 RTX3060,Rp4.570.000,Starcomp Origin,rtx 3060
MSI GeForce RTX 3060 VENTUS 2X 12G OC,Rp4.963.000,Redcomp,rtx 3060
ZOTAC GAMING GeForce RTX 3060 Twin Edge 12GB GDDR6 - VGA Card,Rp4.699.000,JnJ Online,rtx 3060
MSI GeForce RTX 3060 VENTUS 2X 12GB OC GDDR6 - VGA Card,Rp5.449.000,JnJ Online,rtx 3060
MSI GeForce RTX3060 VENTUS 2X OC 12GB GDDR6 RTX 3060,Rp4.879.000,Starcomp Semarang,rtx 3060
Manli GeForce RTX 3060 Ti 8GB GDDR6 LHR,Rp7.015.000,Julyaugustshop,rtx 3060 ti
Inno3D RTX 3060 Ti / RTX 3060TI 8GB DDR6 Twin X2 oc | 2nd,Rp4.060.000,RedTeknologi-Redcom,rtx 3060 ti
VGA NVDIA ZOTAC RTX 3060Ti / RTX 3060 TI TWIN EDGE GAMING 8GB DRR6 OC EDITION 2ND,Rp4.060.000,RedTeknologi-Redcom,rtx 3060 ti
MSI RTX 3060 Ti / RTX 3060TI 8GB GAMING X 8G GDDR6 SECOUND,Rp4.715.000,RedTeknologi-Redcom,rtx 3060 ti
VGA NVDIA COLORFUL GeForce RTX 3060 Ti / 3060Ti NB DUO 8GB GDDR6X - 2ND,Rp3.810.000,RedTeknologi-Redcom,rtx 3060 ti
GALAX Geforce RTX 3060 Ti / RTX 3060TI 8GB DDR6 2nd,Rp4.060.000,RedTeknologi-Redcom,rtx 3060 ti
VGA NVDIA EVGA XC3 ULTRA RTX 3070  / RTX3070 8GB GDDR6,Rp4.390.000,RedTeknologi-Redcom,rtx 3070
GAINWARD RTX 3070 TI / RTX 3070TI Phoenix 8GB GDDR6,Rp4.540.000,RedTeknologi-Redcom,rtx 3070
VGA ZOTAC GAMING RTX 3070 Ti / RTX 3070Ti TRINITY 8GB GDDR6X - 2ND,Rp4.815.000,RedTeknologi-Redcom,rtx 3070
NVDIA GEFORCE ASUS ROG STRIX GAMING RTX 3070/RTX3070 OC 8GB GDDR6 2ND,Rp5.315.000,RedTeknologi-Redcom,rtx 3070
Colorful iGame VGA GeForce RTX 3070 / RTX3070 8GB Advanced OC-V 2ND,Rp4.499.999,RedTeknologi-Redcom,rtx 3070
MSI Geforce RTX 3070 Ventus 2X OC 8GB GDDR6 2ND VGA ONLY,Rp4.690.000,RedTeknologi-Redcom,rtx 3070
COLORFUL IGAME RTX 3070 / RTX3070 8GB Ultra White 2nd,Rp4.290.000,RedTeknologi-Redcom,rtx 3070
PALIT GEFORCE RTX 3070 TI / RTX3070TI GAMINGPRO 8GB GDDR6X 2nd,Rp5.290.000,RedTeknologi-Redcom,rtx 3070
VGA COLORFUL IGAME RTX 3070 TI 8GB ULTRA WHITE COLORFUL RTX 3070TI 8GB - 2nd,Rp4.810.000,RedTeknologi-Redcom,rtx 3070
GAINWARD RTX 3070 TI / RTX 3070TI Phoenix 8GB GDDR6,Rp4.540.000,RedTeknologi-Redcom,rtx 3070 ti
VGA ZOTAC GAMING RTX 3070 Ti / RTX 3070Ti TRINITY 8GB GDDR6X - 2ND,Rp4.815.000,RedTeknologi-Redcom,rtx 3070 ti
PALIT GEFORCE RTX 3070 TI / RTX3070TI GAMINGPRO 8GB GDDR6X 2nd,Rp5.290.000,RedTeknologi-Redcom,rtx 3070 ti
VGA COLORFUL IGAME RTX 3070 TI 8GB ULTRA WHITE COLORFUL RTX 3070TI 8GB - 2nd,Rp4.810.000,RedTeknologi-Redcom,rtx 3070 ti
Asus TUF Gaming GeForce RTX 3070 Ti / RTX 3070TI Edition 8GB GDDR6X 2ND,Rp5.140.000,RedTeknologi-Redcom,rtx 3070 ti
GAINWARD RTX 3070 Ti Phoenix 8GB GDDR6X 256-bits Original,Rp8.699.000,WINS OFFICIAL STORE,rtx 3070 ti
ManLi RTX 3070 Ti 8GB - Manli Geforce RTX 3070 Ti 8GB DDR6,Rp13.000.000,hans computer,rtx 3070 ti
Asus ROG Strix Gundam Edition GeForce RTX 3080 OC White 10GB GDDR6 2ND,Rp8.060.000,RedTeknologi-Redcom,rtx 3080
VGA PALIT GeForce RTX 3080 / RTX3080 GameRock 10 GB GDDR6 - 2ND,Rp5.820.000,RedTeknologi-Redcom,rtx 3080
MSI VGA GEFORCE RTX 3080 /RTX3080 SEA HAWK X LHR 10GB GDDR6X - 2ND,Rp6.060.000,RedTeknologi-Redcom,rtx 3080
VGA MSI RTX 3080 / RTX3080 10GB GAMING Z TRIO 10G GDDR6 2ND,Rp7.290.000,RedTeknologi-Redcom,rtx 3080
EVGA RTX 3080 FTW3 ULTRA EVGA RTX3080 FTW3 ULTRA LHR 2ND,Rp7.060.000,RedTeknologi-Redcom,rtx 3080
VGA NVDIA EVGA XC3 BLACK NVIDIA RTX 3080 / RTX3080 10GB GDDR6X,Rp6.560.000,RedTeknologi-Redcom,rtx 3080
VGA CARD / VGA NVIDIA MAXSUN RTX 3080 TI TURBO 12GB GDDR6X 384 BIT,Rp34.265.000,hans computer,rtx 3080
ManLi RTX 3080 10GB LHR - Manli Geforce RTX 3080 10GB DDR6,Rp15.900.000,hans computer,rtx 3080
VGA CARD / VGA NVIDIA MAXSUN RTX 3080 TI TURBO 12GB GDDR6X 384 BIT,Rp34.265.000,hans computer,rtx 3080 ti
Pc Build Gaming Render AMD Ryzen 7 7700X - 32GB DDR5 - RTX 3080 Ti 12G,Rp29.990.000,STAR17 COM,rtx 3080 ti
PNY GEFORCE RTX 3080 Ti XLR8 Gaming UPRISING EPIC-X RGB 12GB - 2ND,Rp7.040.000,RedTeknologi-Redcom,rtx 3080 ti
COLORFUL IGAME GEFORCE RTX 3080 TI ADVANCE 12GB - 2ND,Rp6.940.000,RedTeknologi-Redcom,rtx 3080 ti
GAINWARD GeForce RTX 3080 Ti Phantom 12GB GDDR6X 320 bits Original,Rp24.699.000,WINS OFFICIAL STORE,rtx 3080 ti
Vga Galax Nvidia Geforce Rtx 3080 Ti 12gb Ddr6x Hall Of Fame -Original,Rp21.000.000,Das Livia Computer,rtx 3080 ti
GAINWARD RTX 3080 Ti Phantom 12 GB GDDR6X VGA CARD,Rp32.000.000,Jaya Pro Computer,rtx 3080 ti
VGA CARD / VGA NVIDIA MANLI RTX 3080 TI 12GB GDDR6X 384 BIT,Rp27.706.000,hans computer,rtx 3080 ti
GAINWARD PHOENIX RTX 3090 24GB GDDR6X 384bit Original,Rp32.899.000,WINS OFFICIAL STORE,rtx 3090
Colorful iGame GeForce RTX 3090 Kudan-V 24GB GDDR6X 384-bit - VGA Card,Rp35.000.000,JnJ Online,rtx 3090
ZOTAC GAMING GeForce RTX 3090 Trinity 24GB GDDR6X | VGA 2ND SECOND,Rp12.999.999,RedTeknologi-Redcom,rtx 3090
Vga Galax Nvidia Geforce Rtx 3090 24gb Ddr6x Hof Lab Edition -Original,Rp32.459.000,Das Livia Computer,rtx 3090
Ultimate PC | Intel 10980XE / X299 / 128GB RAM / RTX 3090 24GB,Rp98.499.000,OneLine Game PC,rtx 3090
PC Build AMD Ryzen 9 7950X - X670E - 128GB DDR5 - RTX 3090 TI XTREME,Rp82.758.000,STAR17 COM,rtx 3090 ti
PC BUILD AMD RYZEN 9 7950X - 64GB DDR5 - 1TB NVME - RTX 3090 TI 24GB,Rp71.990.000,STAR17 COM,rtx 3090 ti
MSI GeForce RTX 4060 VENTUS 2X BLACK 8GB OC,Rp5.522.000,Redcomp,rtx 4060
MSI GeForce  RTX 4060 Ti GAMING X SLIM 16GB,Rp9.362.000,Redcomp,rtx 4060
ASUS TUF Gaming GeForce RTX 4060 TI OC Edition 8GB GDDR6,Rp8.479.000,ASUS COMPONENT,rtx 4060
ZOTAC Geforce RTX 4060 TI 8GB TWIN EDGE OC White DDR6 - VGA Card,Rp6.649.000,JnJ Online,rtx 4060
MSI GeForce  RTX 4060 Ti GAMING X SLIM 16GB,Rp9.362.000,Redcomp,rtx 4060 ti
ASUS TUF Gaming GeForce RTX 4060 TI OC Edition 8GB GDDR6,Rp8.479.000,ASUS COMPONENT,rtx 4060 ti
ZOTAC Geforce RTX 4060 TI 8GB TWIN EDGE OC White DDR6 - VGA Card,Rp6.649.000,JnJ Online,rtx 4060 ti
MSI GeForce RTX 4060 Ti VENTUS 2X BLACK 16GB OC GDDR6 - VGA Card,Rp8.757.000,JnJ Online,rtx 4060 ti
Colorful iGame GeForce RTX 4060 Ti Ultra W OC 8GB-V,Rp6.550.000,Julyaugustshop,rtx 4060 ti
MSI GeForce RTX 4060 Ti GAMING X 8G,Rp7.919.000,Julyaugustshop,rtx 4060 ti
Gigabyte GeForce RTX 4060 Ti WINDFORCE OC 8G,Rp6.999.000,Julyaugustshop,rtx 4060 ti
ZOTAC GAMING GeForce RTX 4060 Ti 8GB Twin Edge,Rp6.599.000,Julyaugustshop,rtx 4060 ti
EZDIY-FAB EZ DIY PCIe 5.0 Adapter - 600W 12+4pin 16pin 12VHPWR GPU Power Connector 180 Degree Right Angle - Compatible with RTX 4070 Ti 4080 4090 Graphics Cards,Rp188.000,STAR17 COM,rtx 4070
EZDIY-FAB EZ DIY PCIe 5.0 Adapter - 600W 12+4pin 16pin 12VHPWR GPU Power Connector 90 Degree Right Angle - Compatible with RTX 4070 Ti 4080 4090 Graphics Cards,Rp210.000,STAR17 COM,rtx 4070
PNY GeForce RTX 4070 Ti 12GB XLR8 Gaming Verto TF OC,Rp12.999.000,Julyaugustshop,rtx 4070
MSI GeForce RTX 4070 GAMING X SLIM 12GB GDDR6X,Rp11.210.000,Julyaugustshop,rtx 4070
MSI GeForce RTX 4070 SUPER 12G GAMING X SLIM 12GB GDDR6X,Rp12.869.000,Julyaugustshop,rtx 4070
VGA ASUS GeForce RTX 4070 Ti TUF GAMING 12GB GDDR6X | 4070Ti DDR6X,Rp18.789.000,RedTeknologi-Redcom,rtx 4070
ZOTAC VGA GAMING GEFORCE RTX 4070 TI SUPER AMP HOLO 16GB GDDR6X,Rp16.099.000,Collins Official,rtx 4070
MSI GeForce RTX 4070 SUPER 12G GAMING X SLIM 12GB GDDR6X,Rp12.869.000,Julyaugustshop,rtx 4070 super
ZOTAC VGA GAMING GEFORCE RTX 4070 TI SUPER AMP HOLO 16GB GDDR6X,Rp16.099.000,Collins Official,rtx 4070 super
MSI GeForce RTX 4070 SUPER 12G VENTUS 2X WHITE OC - 12GB GDDR6X,Rp12.545.000,Duta Mandiri Infokom,rtx 4070 super
ZOTAC GAMING GeForce RTX 4070 SUPER TWIN EDGE OC WHITE 12GB GDDR6X,Rp12.500.000,distributorkomputer,rtx 4070 super
ASUS ROG Strix GeForce RTX 4070 SUPER 12GB GDDR6X OC Edition,Rp14.829.000,Nano Komputer,rtx 4070 super
EZDIY-FAB EZ DIY PCIe 5.0 Adapter - 600W 12+4pin 16pin 12VHPWR GPU Power Connector 180 Degree Right Angle - Compatible with RTX 4070 Ti 4080 4090 Graphics Cards,Rp188.000,STAR17 COM,rtx 4070 ti
EZDIY-FAB EZ DIY PCIe 5.0 Adapter - 600W 12+4pin 16pin 12VHPWR GPU Power Connector 90 Degree Right Angle - Compatible with RTX 4070 Ti 4080 4090 Graphics Cards,Rp210.000,STAR17 COM,rtx 4070 ti
PNY GeForce RTX 4070 Ti 12GB XLR8 Gaming Verto TF OC,Rp12.999.000,Julyaugustshop,rtx 4070 ti
VGA ASUS GeForce RTX 4070 Ti TUF GAMING 12GB GDDR6X | 4070Ti DDR6X,Rp18.789.000,RedTeknologi-Redcom,rtx 4070 ti
ZOTAC VGA GAMING GEFORCE RTX 4070 TI SUPER AMP HOLO 16GB GDDR6X,Rp16.099.000,Collins Official,rtx 4070 ti
ZOTAC VGA GAMING GEFORCE RTX 4070 TI SUPER AMP HOLO 16GB GDDR6X,Rp16.099.000,Collins Official,rtx 4070 ti super
PC Build Gaming Editing Render Intel core i9 14900K - 64GB DDR5 - RTX 4070 TI SUPER 16GB - NVME 2TB GEN4 - windows 11,Rp51.190.000,STAR17 COM,rtx 4070 ti super
ZOTAC VGA GAMING GEFORCE RTX 4080 SUPER AMP 16GB GDDR6X - VGA CARD,Rp19.550.000,ProStoreComputer,rtx 4080
EZDIY-FAB EZ DIY PCIe 5.0 Adapter - 600W 12+4pin 16pin 12VHPWR GPU Power Connector 180 Degree Right Angle - Compatible with RTX 4070 Ti 4080 4090 Graphics Cards,Rp188.000,STAR17 COM,rtx 4080
EZDIY-FAB EZ DIY PCIe 5.0 Adapter - 600W 12+4pin 16pin 12VHPWR GPU Power Connector 90 Degree Right Angle - Compatible with RTX 4070 Ti 4080 4090 Graphics Cards,Rp210.000,STAR17 COM,rtx 4080
Palit GeForce RTX 4080 SUPER 16GB Infinity 3 OC,Rp17.600.000,hans computer,rtx 4080
MSI GeForce RTX 5080 16GB VENTUS 3X OC GDDR7 Penerus RTX 4080 Nvidia VGA Card,Rp21.847.000,YOUNGS COMPUTER,rtx 4080
ZOTAC VGA GAMING GEFORCE RTX 4080 SUPER AMP 16GB GDDR6X - VGA CARD,Rp19.550.000,ProStoreComputer,rtx 4080 super
Palit GeForce RTX 4080 SUPER 16GB Infinity 3 OC,Rp17.600.000,hans computer,rtx 4080 super
GALAX GeForce RTX 4080 SUPER 16GB GDDR6X SG (1-Click OC) - ARGB EFFECT,Rp16.631.475,Toko Expert Komputer,rtx 4080 super
GALAX GeForce RTX 4080 SUPER ST 1-Click OC 16GB GDDR6X,Rp16.811.925,Toko Expert Komputer,rtx 4080 super
EZDIY-FAB EZ DIY PCIe 5.0 Adapter - 600W 12+4pin 16pin 12VHPWR GPU Power Connector 180 Degree Right Angle - Compatible with RTX 4070 Ti 4080 4090 Graphics Cards,Rp188.000,STAR17 COM,rtx 4090
EZDIY-FAB EZ DIY PCIe 5.0 Adapter - 600W 12+4pin 16pin 12VHPWR GPU Power Connector 90 Degree Right Angle - Compatible with RTX 4070 Ti 4080 4090 Graphics Cards,Rp210.000,STAR17 COM,rtx 4090
VGA ASUS ROG Strix GeForce RTX4090 RTX 4090 OC Edition 24GB GDDR6X,Rp39.915.000,MIJ KOMPUTER,rtx 4090
PC Build AMD Ryzen 9 9950X | 32GB DDR5 | X870 | 2TB GEN4 NVME | GEFORCE RTX 4090 24GB DDR6X | GAMING EDITING RENDER,Rp57.850.000,STAR17 COM,rtx 4090
PC Build Vision Lianli Intel core i9 14900KF - 64GB - RTX 4090 24GB,Rp88.900.000,STAR17 COM,rtx 4090
PC RENDER WORKSTATION AMD THREADRIPPER PRO 5965WX + VGA RTX 4090 24GB,Rp100.000.000,STAR17 COM,rtx 4090
ZOTAC GAMING NVIDIA GeForce RTX 5050 Twin Edge OC 8GB DDR7,Rp4.515.000,STAR17 COM,rtx 5050
Palit Nvidia GeForce RTX 5050 StormX 8 GB GDDR6,Rp4.635.000,STAR17 COM,rtx 5050
MANLI Nebula GeForce RTX 5060 Ti 16GB GDDR7 VGA 5060TI,Rp8.025.000,Starcomp Semarang,rtx 5060
MSI GeForce RTX 5060 8GB GDDR7 - Gaming TRIO OC,Rp6.875.000,Enter Komputer Official,rtx 5060
Colorful nvidia GeForce RTX 5060 8GB NB EX DDR7 | GAMING,Rp6.199.000,STAR17 COM,rtx 5060
ZOTAC GAMING NVIDIA GeForce RTX 5060 Ti 16GB Twin Edge DDR7 OC EDITION,Rp8.175.000,STAR17 COM,rtx 5060
PALIT NVIDIA GEFORCE RTX 5060 DUAL 8GB GDDR7 | GAMING VGA,Rp5.620.000,STAR17 COM,rtx 5060
Gigabyte Nvidia GeForce RTX 5060 8GB WINDFORCE OC DDR7,Rp5.985.000,STAR17 COM,rtx 5060
ZOTAC GAMING NVIDIA GeForce RTX 5060 SOLO 8GB DDR7 | Warranty 3 year,Rp5.375.000,STAR17 COM,rtx 5060
MSI NVIDIA GeForce RTX 5060 Ti 16GB SHADOW 2X OC PLUS OC DDR7 | GAMING,Rp8.299.000,STAR17 COM,rtx 5060
GIGABYTE NVIDIA GeForce RTX 5060 Ti WINDFORCE 16GB DDR7 | NON OC,Rp8.340.000,STAR17 COM,rtx 5060
GALAX NVIDIA GeForce RTX 5060 1-CLICK OC 8GB GDDR7,Rp5.750.000,STAR17 COM,rtx 5060
MANLI Nebula GeForce RTX 5060 Ti 16GB GDDR7 VGA 5060TI,Rp8.025.000,Starcomp Semarang,rtx 5060 ti
ZOTAC GAMING NVIDIA GeForce RTX 5060 Ti 16GB Twin Edge DDR7 OC EDITION,Rp8.175.000,STAR17 COM,rtx 5060 ti
MSI NVIDIA GeForce RTX 5060 Ti 16GB SHADOW 2X OC PLUS OC DDR7 | GAMING,Rp8.299.000,STAR17 COM,rtx 5060 ti
GIGABYTE NVIDIA GeForce RTX 5060 Ti WINDFORCE 16GB DDR7 | NON OC,Rp8.340.000,STAR17 COM,rtx 5060 ti
ZOTAC GAMING NVIDIA GeForce RTX 5060 Ti 16GB Twin Edge | BLACK,Rp8.175.000,STAR17 COM,rtx 5060 ti
Gainward NVIDIA GeForce RTX 5060 Ti Python III 16GB DDR7,Rp8.050.000,STAR17 COM,rtx 5060 ti
VGA Card Colorful iGame GeForce RTX 5060 Ti Ultra W DUO OC 16GB-V - 16GB GDDR7,Rp8.764.000,NVIDIA GEFORCE,rtx 5060 ti
VGA Card Colorful iGame GeForce RTX 5060 Ti Ultra W DUO OC 8GB-V - 8GB GDDR7,Rp7.626.000,NVIDIA GEFORCE,rtx 5060 ti
VGA Card MSI GeForce RTX 5060 Ti 16G VENTUS 2X OC PLUS - 16GB GDDR7,Rp8.949.000,NVIDIA GEFORCE,rtx 5060 ti
VGA Card Colorful GeForce RTX 5060 Ti NB DUO 16GB-V - 16GB GDDR7,Rp8.190.000,NVIDIA GEFORCE,rtx 5060 ti
Zotac GeForce RTX 5070 12GB GDDR7 AMP White,Rp10.491.000,Enter Komputer Official,rtx 5070
Gainward NVIDIA GeForce RTX 5070 Ti Phantom 16GB DDR7 | GAMING VGA,Rp13.799.000,STAR17 COM,rtx 5070
ZOTAC GAMING NVIDIA GeForce RTX 5070 AMP 12GB DDR7 White Edition,Rp10.085.000,STAR17 COM,rtx 5070
VGA Card MSI GeForce RTX 5070 Ti 16G SHADOW 3X OC - 16GB GDDR7,Rp16.019.000,NVIDIA GEFORCE,rtx 5070
ZOTAC GAMING NVIDIA GeForce RTX 5070 SOLID OC 12GB DDR7 - BLACK,Rp10.399.000,STAR17 COM,rtx 5070
ZOTAC GAMING NVIDIA GeForce RTX 5070 Twin Edge OC 12GB GDDR7,Rp10.060.000,STAR17 COM,rtx 5070
Gainward NVIDIA GeForce RTX 5070 Phoenix 12GB DDR7,Rp10.500.000,STAR17 COM,rtx 5070
MSI GeForce RTX 5070 12G SHADOW 2X OC,Rp11.225.000,Redcomp,rtx 5070
MSI Geforce RTX 5070 Ti 16G VENTUS 3X OC,Rp16.503.000,Redcomp,rtx 5070
MSI GeForce RTX 5070 12G GAMING TRIO OC WHITE,Rp13.638.000,Redcomp,rtx 5070
Gainward NVIDIA GeForce RTX 5070 Ti Phantom 16GB DDR7 | GAMING VGA,Rp13.799.000,STAR17 COM,rtx 5070 ti
VGA Card MSI GeForce RTX 5070 Ti 16G SHADOW 3X OC - 16GB GDDR7,Rp16.019.000,NVIDIA GEFORCE,rtx 5070 ti
MSI Geforce RTX 5070 Ti 16G VENTUS 3X OC,Rp16.503.000,Redcomp,rtx 5070 ti
MSI GEFORCE RTX 5070 TI VENTUS 3X OC 16GB GDDR7 - VGA Card,Rp17.570.000,JnJ Online,rtx 5070 ti
ASUS PRIME GeForce RTX 5070 Ti 16GB GDDR7 OC Edition - VGA Card,Rp18.813.000,JnJ Online,rtx 5070 ti
COLORFUL iGame GeForce RTX 5070 Ti Ultra W OC 16GB-V 16GB DDR7,Rp16.800.000,Julyaugustshop,rtx 5070 ti
MSI GeForce RTX 5070 Ti 16G GAMING TRIO OC PLUS,Rp18.250.000,Julyaugustshop,rtx 5070 ti
GIGABYTE GeForce RTX 5070 Ti WINDFORCE SFF 16G - 16GB GDDR7,Rp15.140.000,Julyaugustshop,rtx 5070 ti
MANLI STELLAR NVIDIA GeForce RTX 5080 OC 16GB GDDR7,Rp19.150.000,STAR17 COM,rtx 5080
MANLI POLAR FOX NVIDIA GeForce RTX 5080 OC 16GB GDDR7,Rp18.810.000,STAR17 COM,rtx 5080
VGA Card Gigabyte GeForce RTX 5080 AERO OC SFF 16G - 16GB GDDR7,Rp27.200.000,NVIDIA GEFORCE,rtx 5080
VGA Card Gigabyte GeForce RTX 5080 WINDFORCE OC SFF 16G - 16GB GDDR7,Rp21.460.000,NVIDIA GEFORCE,rtx 5080
MSI Geforce RTX 5080 16G GAMING TRIO OC,Rp25.057.000,Redcomp,rtx 5080
MSI Geforce RTX 5080 16G SHADOW 3X OC,Rp20.747.000,Redcomp,rtx 5080
ASUS TUF Gaming GeForce RTX 5080 16GB GDDR7 OC Edition,Rp28.589.000,ASUS COMPONENT,rtx 5080
ZOTAC GAMING GeForce RTX 5080 SOLID OC 16GB GDDR7 - VGA Card,Rp21.539.000,JnJ Online,rtx 5080
MSI GeForce RTX 5080 16GB VANGUARD SOC GDDR7 - VGA Card,Rp25.990.000,JnJ Online,rtx 5080
MSI Geforce RTX 5090 32G VENTUS 3X OC,Rp46.460.000,Redcomp,rtx 5090
GAINWARD GeForce RTX 5090 Phantom 32GB GDDR7,Rp41.999.000,Julyaugustshop,rtx 5090
ZOTAC GAMING GEFORCE RTX 5090 SOLID OC WHITE EDITION 32GB GDDR7 ZT-B50900Q-10P,Rp45.199.000,SOS SPORT ONLINE SHOP,rtx 5090
ASUS ROG ASTRAL LC GEFORCE RTX 5090 OC EDITION 32GB GDDR7,Rp65.699.000,SOS SPORT ONLINE SHOP,rtx 5090
VGA ZOTAC GAMING RTX 5090 AMP Extreme INFINITY 32GB GDDR7,Rp49.252.000,Blessing Computer Bali,rtx 5090
NVIDIA RTX 5090 Founders Edition NVIDIA RTX 5090 Jaminan Harga Termurah !!!,Rp74.998.000,Urbanlife.Store,rtx 5090
MSI GeForce RTX 5090 GAMING TRIO 32GB OC GDDR7 - VGA RTX5090 DDR7 Blackwell VGA Graphic Card,Rp47.785.000,Galaxy Solusindo,rtx 5090
